[
 {
   "no": 1,
   "id": "1",
   "title": "Introduction ",
   "file": "1"
 },
 {
   "no": 2,
   "id": "2",
   "title": "The Importance and Impact of Electoral Redistricting",
   "file": "2"
 },
 {
   "no": 3,
   "id": "2-1",
   "title": "The Definition and Function of Electoral Districts in The Electoral System",
   "file": "2-1"
 },
 {
   "no": 4,
   "id": "2-2",
   "title": "District Magnitude and Party System",
   "file": "2-2"
 },
 {
   "no": 5,
   "id": "2-3",
   "title": "The impact of electoral districting to political representation",
   "file": "2-3"
 },
 {
   "no": 6,
   "id": "3",
   "title": "Electoral Districting and its Political Consequences ",
   "file": "3"
 },
 {
   "no": 7,
   "id": "4",
   "title": "Boundary Delimitation Principles ",
   "file": "4"
 },
 {
   "no": 8,
   "id": "5",
   "title": "Boundary Delimitation Authority ",
   "file": "5"
 },
 {
   "no": 9,
   "id": "5-1",
   "title": "Partisan Boundary Delimitation Authority",
   "file": "5-1"
 },
 {
   "no": 10,
   "id": "5-2",
   "title": "Independent Boundary Delimitation Authority",
   "file": "5-2"
 },
 {
   "no": 11,
   "id": "5-3",
   "title": "Legislature Approval for Final Boundary Delimitation Plan",
   "file": "5-3"
 },
 {
   "no": 12,
   "id": "6",
   "title": "Time Interval for Changing Boundary Delimitation ",
   "file": "6"
 },
 {
   "no": 13,
   "id": "7",
   "title": "The Key Elements of Boundary Delimitation ",
   "file": "7"
 },
 {
   "no": 14,
   "id": "7-1",
   "title": "Number of Parliamentary Seats Allocation",
   "file": "7-1"
 },
 {
   "no": 15,
   "id": "7-2",
   "title": "Number of \"Population Base\"",
   "file": "7-2"
 },
 {
   "no": 16,
   "id": "7-3",
   "title": "Standard Deviation for Converting Population to Seat",
   "file": "7-3"
 },
 {
   "no": 17,
   "id": "7-4",
   "title": "Geographical, Infrastructure, and Communication Features",
   "file": "7-4"
 },
 {
   "no": 18,
   "id": "7-5",
   "title": "Social, Culture, Economic, and Historical Contexts",
   "file": "7-5"
 },
 {
   "no": 19,
   "id": "7-6",
   "title": "Special Provisions for Affirmative Action for Minority Group",
   "file": "7-6"
 },
 {
   "no": 20,
   "id": "8",
   "title": "Electoral Boundary Delimitation Process ",
   "file": "8"
 },
 {
   "no": 21,
   "id": "8-1",
   "title": "Examine the legal criteria necessary boundary delimitation ",
   "file": "8-1"
 },
 {
   "no": 22,
   "id": "8-2",
   "title": "Prepare the population and spatial data ",
   "file": "8-2"
 },
 {
   "no": 23,
   "id": "8-3",
   "title": "Calculate the seat quota ",
   "file": "8-3"
 },
 {
   "no": 24,
   "id": "8-4",
   "title": "Start drawing the electoral district boundaries ",
   "file": "8-4"
 },
 {
   "no": 25,
   "id": "8-5",
   "title": "Conduct public and stakeholder consultations",
   "file": "8-5"
 },
 {
   "no": 26,
   "id": "9",
   "title": "The Role of Technology for Creating Boundary Delimitation ",
   "file": "9"
 },
 {
   "no": 27,
   "id": "10",
   "title": "Case Studies on Electoral Boundary Delimitation Process ",
   "file": "10"
 },
 {
   "no": 28,
   "id": "10-1",
   "title": "Indonesia ",
   "file": "10-1"
 },
 {
   "no": 29,
   "id": "10-2",
   "title": "Germany",
   "file": "10-2"
 },
 {
   "no": 30,
   "id": "10-3",
   "title": "New Zealand",
   "file": "10-3"
 },
 {
   "no": 31,
   "id": "10-4",
   "title": "Malaysia",
   "file": "10-4"
 },
 {
   "no": 32,
   "id": "11",
   "title": "References",
   "file": "11"
 }
]