{
    "app_short_name": "ERA",
    "app_long_name": "Electoral Redistricting App",
    "app_desc": "This software application tool is provided as a global public good that would:",
    "app_desc_1": "enable anyone with the interest to understand better how electoral boundaries were drawn in their respective countries; and",
    "app_desc_2": "to create their own versions of boundary delimitation or drawing/redrawing of electoral district as they deem appropriate in accordance with the aforementioned universal standard and principles by using a readily available software application.",
    "nav_home": "Home",
    "nav_knowledge_hub": "Knowledge Hub",
    "nav_map_library": "Map Library",
    "nav_the_districting_workshop": "The Districting Workshop",
    "nav_tutorial": "Tutorial",
    "nav_user_profile": "User Profile",
    "nav_about": "About",
    "nav_privacy_policy": "Privacy Policy",
    "nav_terms_and_conditions": "Terms & Conditions",
    "knowledge_hub_desc": "Electoral Redistricting: Theory and Practices\nKnowledge Resource for the Electoral Redistricting App (ERA)",
    "map_library_desc": "Browse through collections of electoral boundary uploaded by another user around the world",
    "tutorial_desc": "Learn about how our apps works, so you can create your own boundary delimitation or electoral district map.",
    "getting_started_desc": "Welcome to Electoral Redistricting App! In this page, we will explain some things related to how to use the Electoral Redistricting App to create your own electoral district map. \nIf you want to start creating your own electoral district map now, you can download the app from the links below, and use our ready to use sample data sets:",
    "the_districting_workshop_desc": "Create your own versions of boundary delimitation or drawing/redrawing of electoral district",
    "input_personal_information": "Personal Information",
    "input_institution_related_information": "Institution Related Information",
    "input_account_information": "Account Information",
    "input_email": "Email Address",
    "input_password": "Password",
    "input_confirm_password": "Confirm Password",
    "input_new_password": "New Password",
    "input_confirm_new_password": "Confirm New Password",
    "input_title": "Title",
    "input_first_name": "First Name",
    "input_last_name": "Last Name",
    "input_institution_name": "Institution Name",
    "input_department": "Department",
    "input_country": "Country",
    "input_expertise_field_of_issue": "Expertise / Field of issue",
    "input_institution_email": "Institution  Email",
    "input_institution_phone_number": "Institution Phone Number",
    "input_created_at": "Created at",
    "input_updated_at": "Updated at",
    "input_uploaded_at": "Uploaded at",
    "input_last_sync": "Last sync",
    "input_no": "No",
    "input_block": "Block",
    "input_block_title": "Block User",
    "input_unblock_title": "Unblock User",
    "title_list_admin": "List Admin",
    "title_list_user": "List User",
    "title_list_user_not_verified": "List User (Not Verified)",
    "title_data": "Data",
    "title_status": "Status",
    "title_pending": "Pending",
    "title_verified": "Verified",
    "title_reject": "Reject",
    "title_user": "User",
    "title_view_data": "View Data",
    "title_change_data_status": "Change Data Status",
    "change_data_status_desc": "Are you sure you want to change data status for",
    "title_general_information": "General Information",
    "title_data_information": "Data Information",
    "title_electoral_information": "Electoral Information",
    "title_video_tutorial": "Video Tutorial",
    "title_manual_book": "Manual Book",
    "title_getting_started": "Getting Started",
    "msg_block_title": "Are you sure you want to unblock",
    "msg_unblock_title": "Are you sure you want to block",
    "confirm_password_desc": "Confirm your Password for changing data!",
    "edit_profile": "Edit Profile",
    "edit_password": "Change Password",
    "btn_lets_learn": "Let's Learn!",
    "btn_lets_browse": "Let's Browse!",
    "btn_lets_create": "Let's Create!",
    "btn_sign_in": "Sign In",
    "btn_sign_up": "Sign Up",
    "btn_create_account": "Create Account",
    "btn_profile": "Profile",
    "btn_admin": "Admin",
    "btn_user_management": "User Management",
    "btn_data_management": "Data Management",
    "btn_see_more": "See More",
    "btn_edit": "Edit",
    "btn_sign_out": "Sign Out",
    "btn_open": "Open",
    "btn_launch": "Launch",
    "btn_download_now": "Download Now",
    "btn_retry": "Retry",
    "btn_resend": "Resend",
    "btn_update": "Update",
    "btn_save": "Save",
    "btn_confirm": "Confirm",
    "btn_reset": "Reset",
    "btn_reset_password": "Reset Password",
    "btn_forgot_password": "Forgot Password",
    "btn_upload_data": "Upload Data",
    "btn_publish_your_data": "Publish Your Data",
    "btn_change": "Change",
    "btn_table": "Table",
    "msg_loading": "Loading...",
    "msg_verificating": "Verificating...",
    "msg_resetting": "Resetting...",
    "msg_no_data": "No Data",
    "desc_launch_workshop_1": "Click",
    "desc_launch_workshop_2": "on the dialog shown by your browser",
    "desc_launch_workshop_3": "If you don't see a dialog, click",
    "desc_launch_workshop_4": "below",
    "desc_launch_workshop_5": "Don't have",
    "desc_launch_workshop_6": "installed?",
    "sign_in_desc": "Sign In to access full features",
    "sign_up_desc": "Sign Up to access full features",
    "upload_data_desc": "Self-Declaration to Upload Electoral District Result",
    "didnt_have_account": "Didn't have an account?",
    "already_have_account": "Already have an account?",
    "creating_an_account_desc": "By creating an account, you agree to the",
    "msg_is_required": "is required!",
    "msg_input_email_address_correctly": "Please input your email address correctly!",
    "msg_password_too_short": "Your password is too short, at least 8 character",
    "msg_choose_title": "Please choose your title",
    "msg_input_phone_number_correctly": "Please input phone number correctly",
    "msg_password_didnt_match": "Your password didn't match",
    "msg_choose_country": "Please choose your country",
    "msg_choose_answer": "Please choose your answer",
    "msg_wrong_file_format": "Wrong file format",
    "msg_wrong_file_format_json": "Spatial JSON File didn't recognize as a JSON from offline app",
    "message_didnt_receive_email_verification": "Didn't receive email verification?",
    "msg_disclaimer": "Disclaimer: International IDEA is not responsible for the legality of and validity of the maps and population data uploaded by users onto this site, including, but not limited to, copyright issues and data accuracy. ",
    "msg_for_more_information": "For more information : ",
    "copyright_year": "Copyright ©",
    "page_not_found": "Oops! Page not found",
    "page_not_found_desc": "Oops! The page you are looking for does not exist. It might have been moved or deleted.",
    "freepik_attribution": "<a href='https://www.freepik.com/vectors/icons'>Icons vector created by starline - www.freepik.com</a>"
}